`
Query:

SELECT v FROM (VALUES (1), (2), (2), (3), (3), (3), (4), (4), (4), (4)) AS t(v)
EXCEPT DISTINCT
SELECT * FROM (VALUES (1), (3), (3), (5))
ORDER BY v;

Plan:

                 query plan
---------------------------------------------
 order by t.v
    except
        project {v}
            project {column1 as v} into t.*
                values
    with
        project {column1}
            values
(1 rows)

Results:

 v
---
 2
 4
(2 rows)
`
