`
Query:

SELECT v FROM (VALUES (1), (2), (2), (3), (3), (3), (4), (4), (4), (4)) AS t(v)
UNION ALL
SELECT * FROM (VALUES (1), (3), (3), (5))
ORDER BY v;

Plan:

                 query plan
---------------------------------------------
 order by t.v
    append
        project {v}
            project {column1 as v} into t.*
                values
    and
        project {column1}
            values
(1 rows)

Results:

 v
---
 1
 1
 2
 2
 3
 3
 3
 3
 3
 4
 4
 4
 4
 5
(14 rows)
`
