`
Query:

SELECT * FROM locations l
JOIN regions r ON r.region_id = l.region_id

Plan:

                               query plan
------------------------------------------------------------------------
 select (location_id, location_name, region_id, region_id, region_name)
    join using nested loop
        alias as l
            table scan of locations
    with
        alias as r
            table scan of regions
                filter: regions.region_id = l.region_id
    on r.region_id = l.region_id

(1 rows)

Results:

 location_id | location_name | region_id | region_id | region_name
-------------+---------------+-----------+-----------+-------------
           1 | San Francisco |         1 |         1 |          NA
           2 |       Toronto |         1 |         1 |          NA
           3 |      New York |         1 |         1 |          NA
           4 |     Barcelona |         2 |         2 |        EMEA
           5 |     Cape Town |         2 |         2 |        EMEA
           6 |     Guangzhou |         2 |         2 |        EMEA
(6 rows)
`
