`
Query:

SELECT employee_id AS id, e.last_name AS name
FROM employees e
WHERE department_id = 1
INTERSECT (
SELECT employee_id, last_name
FROM employees
WHERE manager_id = 1
)
ORDER BY id

Plan:

                          query plan
-------------------------------------------------------------
 select (id, name)
    order by id
        combination
            select (employee_id as id, e.last_name as name)
                alias as e
                    table scan of employees
                        filter: department_id = 1
        with
            select (employee_id, last_name)
                table scan of employees
                    filter: manager_id = 1

(1 rows)

Results:

 id |  name
----+--------
  1 |   Head
  4 | Warren
  5 | Medina
  7 | Dollar
(4 rows)
`
